﻿<?xml version="1.0" encoding="utf-8"?>
<MainWindow>
    <QuickAccessBar tooltip ="Customize Quick Access Bar" visible="true">
        <addaction name="fileNewAction" visible="true"/>
        <addaction name="fileOpenAction" visible="false"/>
        <addaction name="fileSaveAction" visible="false"/>
        <addaction name="undoAction" visible="true" />
        <addaction name="redoAction" visible="true" />
        <addaction name="cutAction" visible="false" />
        <addaction name="copyAction" visible="false" />
        <addaction name="pasteAction" visible="false" />
        <addaction name="duplicateSelectionAction" visible="false" />
    </QuickAccessBar>
    <SystemButton name="File" icon=":/images/RobloxStudio.png" tooltipicon=":/RibbonBar/images/Studio Ribbon Icons/roblox.png" tooltip="Click here to open, save or publish,&#xA;and to see everything else you can &#xA;do with the document">
        <SystemPopup>
            <addaction name="fileNewAction"/>
            <addaction name="fileOpenAction"/>
            <addaction name="filePublishedProjectsAction"/>
            <addaction name="fileCloseAction" style="textundericon"/>
            <addseparator/>
            <addaction name="fileSaveAction"/>
            <addaction name="fileSaveAsAction"/>
            <addaction name="publishToRobloxAction"/>
            <addaction name="publishToRobloxAsAction"/>
            <addaction fflag="GameExplorerPublishEnabled" name="publishGameAction"/>
            <addseparator/>
            <addaction name="publishSelectionToRobloxAction"/>
            <addseparator/>
            <addaction name="exportPlaceAction"/>
            <addseparator/>
            <addaction name="aboutRobloxAction"/>
            <addaction name="onlineHelpAction"/>
            <addaction name="shortcutHelpAction"/>
            <addaction name="fastLogDumpAction"/>
            <addaction name="settingsAction"/>
        </SystemPopup>
    </SystemButton>
    <RibbonBar minimizeButton="true" themeoptions="false" font="">
      <!--
      RIBBON BAR HOME TAB
      -->
        <TabPage name="Home">
            <Group name="Clipboard">
                <!--     
        <addaction name="undoAction" style="textundericon" icon=":/RibbonBar/images/Studio Ribbon Icons/Home/Undo.png" ischeckable="false" />
        <addaction name="redoAction" style="textundericon" icon=":/RibbonBar/images/Studio Ribbon Icons/Home/Redo.png" ischeckable="false" />
   -->
                <addaction name="undoAction" style="textundericon" icon=":/RibbonBar/images/RibbonIcons/Home/Undo.png"  width="32" height="32" />
                <addaction name="redoAction" style="textundericon" icon=":/RibbonBar/images/RibbonIcons/Home/Redo.png"  width="32" height="32" />
                <addaction name="pasteAction" style="textundericon" icon=":/RibbonBar/images/RibbonIcons/Home/Paste.png" width="32" height="32"/>
                <addaction name="copyAction" style="textbesideicon" icon=":/RibbonBar/images/RibbonIcons/Home/Copy-16x16.png"/>
                <addaction name="cutAction" style="textbesideicon" icon=":/RibbonBar/images/RibbonIcons/Home/Cut-16x16.png"/>
                <addaction name="duplicateSelectionAction" style="textbesideicon" icon=":RibbonBar/images/RibbonIcons/Home/Copy-16x16.png"/>
            </Group>
            <Group name="Tools">
                <addaction name="advArrowToolAction" style="textundericon" text="Select"  tooltip="Select an Object" icon=":/RibbonBar/images/RibbonIcons/Home/Drag.png" width="32" height="32" />
                <addaction name="advTranslateAction" style="textundericon" text="Move" tooltip="Move an Object" icon=":/RibbonBar/images/RibbonIcons/Home/Translate.png" width="32" height="32" />
                <addaction name="resizeAction" style="textundericon" text="Scale"  tooltip="Resize an Object" icon=":/RibbonBar/images/RibbonIcons/Home/Resize.png" width="32" height="32" />
                <addaction name="advRotateAction" style="textundericon" text="Rotate" tooltip="Rotate an Object" icon=":/RibbonBar/images/RibbonIcons/Home/Rotate.png" width="32" height="32" />
                <MenuButton name="actionSurface" style="textundericon" iconvisibleinmenu="false" tooltip="Pick a surface type, and click on part surfaces to apply" text="Surface" ischeckable="true" icon=":/RibbonBar/images/RibbonIcons/Home/Surfaces.png" width="32" height="32">
                    <addaction name="glueSurfaceAction" text="Glue"/>
                    <addaction name="smoothSurfaceAction" text="Smooth"/>
                    <addaction name="smoothNoOutlinesAction" text="Smooth, No Outline"/>                   
                    <addaction name="studsAction" text="Studs"/>
                    <addaction name="inletAction" text="Inlets"/>
                    <addaction name="universalsAction" text="Universal"/>
                    <addaction name="weldSurfaceAction" text="Add Weld"/>
                    <addaction name="hingeAction" style="textundericon" text="Hinge" icon=":/RibbonBar/images/RibbonIcons/Home/Joint.png" tooltip="Attach a hinge to a part" width="32" height="32"/>
                    <addaction name="motorRightAction" style="textundericon" text="Motor" tooltip="Attach a motor to a part" icon=":/RibbonBar/images/RibbonIcons/Home/Motor.png" width="32" height="32"/>
                    <!--   <addaction name="hingeAction" text="Add Hinge"/> -->
                </MenuButton>
                <addseparator visible="false"/>
                <MenuButton name="lockMenu" text="Lock" icon=":/RibbonBar/images/RibbonIcons/Home/Lock-16x16.png" tooltip="Click on parts to lock/unlock" width="16" height="16">
                  <addaction name="lockAction" text="Lock Tool" />
                  <addaction name="unlockAllAction" />
                </MenuButton>
                <addaction name="toggleCollisionCheckAction" style="textbesideicon" text="Collisions" tooltip="Check for collisions when dragging" icon=":/RibbonBar/images/RibbonIcons/Home/Collisions-Enabled-16x16.png" width="16" height="16"/>
                <MenuButton handleMenuTrigger="false" name="jointCreationMode" text="Join" icon=":/RibbonBar/images/RibbonIcons/Home/Join.png" tooltip="Choose how parts are joined together" width="16" height="16">
                  <ActionGroup name="jointCreationMode" style="textundericon" ischeckable="true">
                    <addaction name="Always" text="Always" value="Always" icon=":/RibbonBar/images/RibbonIcons/Home/Join.png" tooltip="Always join adjacent parts" width="32" height="32"/>
                    <addaction name="Surface only" text="Surface only" value="Surface only" icon=":/images/t_surfaceSmooth_old.png" tooltip="Join based on surface type"   width="32" height="32"/>
                    <addaction name="Never" text="Never" value="Never" icon=":/images/t_surfaceWeld_old.png" tooltip="Never join parts automatically"  width="32" height="32"/>
                  </ActionGroup>
                </MenuButton>
                <addseparator visible="false"/>
                <addaction type="radio" name="gridToOneAction" action="gridToOneAction" style="textbesideicon" text="1 Stud" tooltip="Set drag grid to 1 stud"/>
                <addaction type="radio" name="gridToOneFifthAction" action="gridToOneFifthAction" style="textbesideicon" text="1/5th Stud" tooltip="Set drag grid to 1/5th of a stud"/>
                <addaction type="radio" name="gridToOffAction" action="gridToOffAction" style="textbesideicon" text="Off" tooltip="Disable drag grid"/>
                <addseparator visible="false"/>
            </Group>
            <Group name="Parts">                
              <ActionGroup name="insertBasicObject" style="textundericon" ischeckable="false">
                <addaction name="Part" value="Part" text="Part" style="textundericon" icon=":/RibbonBar/images/RibbonIcons/Insert/Part.png"  tooltip="Insert block part" width="32" height="32" />
              </ActionGroup>
              <MenuPopupButton handleMenuTrigger="true" name="actionMaterialSelector" style="textundericon" popupStyle="menubutton" text="Material Selector" tooltip="Select material and apply to parts" icon=":/RibbonBar/images/RibbonIcons/Home/Material.png" width="32" height="32">
                <addaction name="ms_Plastic" style="textbesideicon" text="Plastic" value="Plastic" icon=":/RibbonBar/images/Studio Ribbon Icons/plastic.png" width="32" height="32"/>
                <addaction name="ms_Wood" style="textbesideicon"  text="Wood" value="Wood" icon=":/RibbonBar/images/Studio Ribbon Icons/wood.png" width="32" height="32"/>
                <addaction name="ms_WoodPlanks" style="textbesideicon"  text="Wood Planks" value="WoodPlanks" icon=":/RibbonBar/images/Studio Ribbon Icons/woodplanks.png" width="32" height="32"/>
                <addaction name="ms_Slate" style="textbesideicon" text="Slate" value="Slate" icon=":/RibbonBar/images/Studio Ribbon Icons/slate.png" width="32" height="32"/>
                <addaction name="ms_Concrete" style="textbesideicon" text="Concrete" value="Concrete" icon=":/RibbonBar/images/Studio Ribbon Icons/concrete.png" width="32" height="32"/>
                <addaction name="ms_Metal" style="textbesideicon"  text="Metal" value="Metal" icon=":/RibbonBar/images/Studio Ribbon Icons/metal.png" width="32" height="32"/>
                <addaction name="ms_CorrodedMetal" style="textbesideicon"  text="Corroded Metal" value="CorrodedMetal" icon=":/RibbonBar/images/Studio Ribbon Icons/corrodedmetal.png" width="32" height="32"/>
                <addaction name="ms_DiamondPlate" style="textbesideicon"   text="Diamond Plate"  value="DiamondPlate" icon=":/RibbonBar/images/Studio Ribbon Icons/diamondplate.png" width="32" height="32"/>
                <addaction name="ms_Foil" style="textbesideicon" text="Foil" value="Foil" icon=":/RibbonBar/images/Studio Ribbon Icons/foil.png" width="32" height="32"/>
                <addaction name="ms_Grass" style="textbesideicon" text="Grass" value="Grass" icon=":/RibbonBar/images/Studio Ribbon Icons/grass.png" width="32" height="32"/>
                <addaction name="ms_Ice" style="textbesideicon"  text="Ice" value="Ice" icon=":/RibbonBar/images/Studio Ribbon Icons/ice.png" width="32" height="32"/>
                <addaction name="ms_Brick" style="textbesideicon" text="Brick" value="Brick" icon=":/RibbonBar/images/Studio Ribbon Icons/brick.png" width="32" height="32"/>
                <addaction name="ms_Sand" style="textbesideicon" text="Sand" value="Sand" icon=":/RibbonBar/images/Studio Ribbon Icons/sand.png" width="32" height="32"/>
                <addaction name="ms_Fabric" style="textbesideicon" text="Fabric" value="Fabric" icon=":/RibbonBar/images/Studio Ribbon Icons/fabric.png" width="32" height="32"/>
                <addaction name="ms_Granite" style="textbesideicon" text="Granite" value="Granite" icon=":/RibbonBar/images/Studio Ribbon Icons/granite.png" width="32" height="32"/>
                <addaction name="ms_Marble" style="textbesideicon" text="Marble" value="Marble" icon=":/RibbonBar/images/Studio Ribbon Icons/marble.png" width="32" height="32"/>
                <addaction name="ms_Pebble" style="textbesideicon" text="Pebble" value="Pebble" icon=":/RibbonBar/images/Studio Ribbon Icons/pebble.png" width="32" height="32"/>
                <addaction name="ms_Cobblestone" style="textbesideicon" text="Cobblestone" value="Cobblestone" icon=":/RibbonBar/images/Studio Ribbon Icons/cobblestone.png" width="32" height="32"/>
                <addaction name="ms_SmoothPlastic" style="textbesideicon" text="SmoothPlastic" value="SmoothPlastic" icon=":/RibbonBar/images/Studio Ribbon Icons/smoothPlastic.png" width="32" height="32"/>
              </MenuPopupButton>
              <ColorPicker name="actionColorSelector" style="textundericon" type="color" text="Color" icon=":/RibbonBar/images/RibbonIcons/Home/Color.png" tooltip="Select color and apply to parts" width="32" height="32"/>
              <addseparator visible="false"/>
              <addaction name="groupSelectionAction"  icon=":/RibbonBar/images/RibbonIcons/Home/Group.png" style="textbesideicon" tooltip="Group the selected parts into a model" width="16" height="16" />
              <addaction name="ungroupSelectionAction"  icon=":/RibbonBar/images/RibbonIcons/Home/Ungroup.png" style="textbesideicon" tooltip="Ungroup the model into the original parts" width="16" height="16" />
              <addaction name="anchorAction"  icon=":/RibbonBar/images/RibbonIcons/Home/Anchor.png" style="textbesideicon" tooltip="Anchor/Unanchor the selected parts" width="16" height="16" />
            </Group>
            <Group name="Simulation">
              <!-- <addaction name="playSoloAction" style="textundericon" text="Player View" icon=":/RibbonBar/images/Studio Ribbon Icons/Home/Play-Solo.png" /> -->
              <!-- <addaction name="simulationRunAction" style="textundericon" text="Run" icon=":/RibbonBar/images/Studio Ribbon Icons/Home/Run.png" width="36" height="36" /> -->
              <addaction text="Play Solo" name="simulationPlayAction" style="textundericon"  value="simulationPlayAction" icon=":/RibbonBar/images/RibbonIcons/Test/Play-Solo.png" tooltip="Drop in and play the game" width="32" height="32"/>
              <addaction text="Run" name="simulationRunAction" style="textundericon" value="simulationRunAction" icon=":/RibbonBar/images/RibbonIcons/Test/Run.png" tooltip="Run the current state of the game" width="32" height="32"/>
              <addaction name="simulationResetAction" style="textundericon" text="Reset" icon=":/RibbonBar/images/RibbonIcons/Test/Reset.png" tooltip="Return to editing the world" width="32" height="32" />
            </Group>
            <Group name="Solid Modeling" fflag="CSGToolsEnabled">
              <addaction name="unionSelectionAction" style="textundericon" icon=":/RibbonBar/images/RibbonIcons/Home/Union.png" tooltip="Fuse parts together to make a single part" width="32" height="32" />
              <addaction name="negateSelectionAction" style="textundericon" icon=":/RibbonBar/images/RibbonIcons/Home/Negate.png" tooltip="Negate parts for making holes" width="32" height="32" />
              <addaction name="separateSelectionAction" style="textundericon" icon=":/RibbonBar/images/RibbonIcons/Home/Separate.png" tooltip="Separate parts from a fused selection" width="32" height="32" />
            </Group>
        </TabPage>
      <!--
      RIBBON BAR INSERT TAB
      -->
        <TabPage name="Insert">
            <Group name="Parts">
              <ActionGroup name="insertBasicObject" style="textundericon" ischeckable="false">
                <addaction name="PartLargeAction" text="Part" value="Part" tooltip="Insert block part" icon=":/RibbonBar/images/RibbonIcons/Insert/Part.png" width="32" height="32" />
                <addaction name="SphereLargeAction" text="Sphere" value="Sphere" tooltip="Insert sphere part" icon=":/RibbonBar/images/RibbonIcons/Insert/Sphere.png" width="32" height="32" />
                <addaction name="WedgeLargeAction" text="Wedge" value="WedgePart" tooltip="Insert wedge part" icon=":/RibbonBar/images/RibbonIcons/Insert/Wedge.png" width="32" height="32" />
                <addaction name="CylinderLargeAction" text="Cylinder" value="Cylinder" tooltip="Insert cylinder part" icon=":/RibbonBar/images/RibbonIcons/Insert/Cylinder.png" width="32" height="32" />                
              </ActionGroup>
            </Group>
            <Group name="Models" >
              <ActionGroup name="openToolBoxWithOptions" type="singleselect" style="textundericon" ischeckable="true">
                <addaction name="setVehiclesAction" text="Vehicles" icon=":/RibbonBar/images/RibbonIcons/Insert/Vehicle.png" tooltip="Find vehicle models online" value="ide/clienttoolbox.aspx?searchset=vehicles" width="32" height="32" />
                <addaction name="setNPCsAction" text="NPCs"  icon=":/RibbonBar/images/RibbonIcons/Insert/NPC.png" tooltip="Find NPCs online" value="ide/clienttoolbox.aspx?searchset=NPC" width="32" height="32" />
                <addaction name="setBuildingsAction" text="Buildings" icon=":/RibbonBar/images/RibbonIcons/Insert/Buildings.png" tooltip="Find buildings online" value="ide/clienttoolbox.aspx?searchset=Buildings" width="32" height="32" />
                <addaction name="setGearAction" text="Gear"  icon=":/RibbonBar/images/RibbonIcons/Insert/Gear.png" tooltip="Find gear online" value="ide/clienttoolbox.aspx?searchset=Gear" width="32" height="32" />
                <addaction name="setWeaponsAction" text="Weapons" icon=":/RibbonBar/images/RibbonIcons/Insert/Weapon.png" tooltip="Find weapons online" value="ide/clienttoolbox.aspx?searchset=Weapons" width="32" height="32" />
                <addaction name="setMyModelsAction" text="My Models" icon=":/RibbonBar/images/RibbonIcons/Insert/Model.png" tooltip="Import my uploaded models" value="ide/clienttoolbox.aspx?selectedset=getmymodels" requiresauthentication="true" width="32" height="32" />
                <addaction name="setSearchAction" text="Search" icon=":/RibbonBar/images/RibbonIcons/Insert/Search.png" tooltip="Search the online catalog" value="ide/clienttoolbox.aspx?search=true" width="32" height="32" />
              </ActionGroup>
            </Group>
            <Group name="Gameplay">
                <MenuButton name="actionParticleEffects" style="textundericon" text="Effects" tooltip="Select a part and then click here to add effects" icon=":/RibbonBar/images/RibbonIcons/Insert/Effects.png" width="32" height="32" >
                  <ActionGroup name="insertBasicObject" style="textbesideicon" ischeckable="false">
                    <addaction name="Explosion" value="Explosion" icon=":/RibbonBar/images/RibbonIcons/Insert/Weapon.png" width="16" height="16" style="textundericon"/>
                    <addaction name="Fire" value="Fire" icon=":/RibbonBar/images/RibbonIcons/Insert/Effects.png" width="16" height="16" style="textundericon"/>
                    <addaction name="PointLight" value="PointLight" icon=":/16x16/images/Studio 2.0 icons/16x16/light.png" width="16" height="16" style="textundericon"/>
                    <addaction name="Smoke" value="Smoke" icon=":/16x16/images/Studio 2.0 icons/16x16/smoke.png" style="textundericon"/>
                    <addaction name="Sparkles" value="Sparkles" icon=":/16x16/images/Studio 2.0 icons/16x16/sparkles.png" width="16" height="16" style="textundericon"/>
                    <addaction name="SpotLight" value="SpotLight" icon=":/16x16/images/Studio 2.0 icons/16x16/light.png" width="16" height="16" style="textundericon"/>
                  </ActionGroup>
                </MenuButton>
              <ActionGroup name="insertBasicObject" style="textundericon"  ischeckable="false">
                <addaction name="startLocationAction" text="Spawn Location" value="SpawnLocation" icon=":/RibbonBar/images/Studio 2.0 icons/32x32/spawn_location.png" tooltip="Click here to add a spawn point into your game" width="32" height="32" />
              </ActionGroup>
            </Group>
            <Group name="Advanced">
                <addaction name="actionInsertAdvancedObject" iscommonslot="true" text="Advanced Objects" tooltip="Insert scripts and other advanced objects into the game" ischeckable="true" icon=":/RibbonBar/images/RibbonIcons/Insert/Advanced-Objects.png" style="textundericon" width="32" height="32"/>
                <addaction name="insertModelAction" style="textundericon" text="Model" tooltip="Insert a model from the local files" icon=":/RibbonBar/images/RibbonIcons/Insert/Import-Model.png" width="32" height="32"/>
                <addaction name="insertServiceAction" style="textundericon" text="Service" tooltip="Insert service from a service selection" icon=":/RibbonBar/images/RibbonIcons/Insert/Service.png" width="32" height="32"/>
            </Group>
        </TabPage>
      <!--
      RIBBON BAR TERRAIN TAB
      -->
        <TabPage name="Terrain">
            <Group name="Terrain">
                <addaction name="Generator" instancename="Generator" text="Generator" style="textundericon" tooltip="Use the random terrain generator" type="plugin"  icon=":/RibbonBar/images/RibbonIcons/Terrain/terrain.png" width="32" height="32"/>
                <addaction name="Builder" instancename="Builder" text="Builder" style="textundericon" tooltip="Place terrain blocks on the field" type="plugin"  icon=":/RibbonBar/images/RibbonIcons/Terrain/builder.png" width="32" height="32"/>
                <addaction name="Remover" instancename="Remover" text="Remover" style="textundericon" tooltip="Remove terrain blocks from the field" type="plugin"  icon=":/RibbonBar/images/RibbonIcons/Terrain/destroyer.png" width="32" height="32"/>
                <addaction name="Elevation Adjuster" instancename="Elevation Adjuster" text="Elevation Adjuster" tooltip="Adjust the elevation of the terrain" type="plugin" style="textundericon"  icon=":/RibbonBar/images/RibbonIcons/Terrain/elevation.png" width="32" height="32"/>
                <addaction name="Brush" instancename="Brush" text="Brush" style="textundericon" type="plugin" tooltip="Paint the world with terrain blocks" icon=":/RibbonBar/images/RibbonIcons/Terrain/brush.png" width="32" height="32"/>
                <addaction name="Crater" instancename="Crater" text="Crater" style="textundericon" type="plugin" tooltip="Create a terrain crater"  icon=":/RibbonBar/images/RibbonIcons/Terrain/crater.png" width="32" height="32"/>
                <addaction name="Roads" instancename="Roads" text="Roads" style="textundericon" type="plugin" tooltip="Create a road between two points" icon=":/RibbonBar/images/RibbonIcons/Terrain/roads.png"  width="32" height="32"/>
                <addaction name="Material Brush" instancename="Material Brush" text="Material Brush" tooltip="Paint terrain blocks a different material" style="textundericon" type="plugin"  icon=":/RibbonBar/images/RibbonIcons/Terrain/materialBrush.png"  width="32" height="32"/>
                <addaction name="Stamper" instancename="Stamper" text="Stamper" style="textundericon" tooltip="Stamp objects" type="plugin"  icon=":/RibbonBar/images/RibbonIcons/Terrain/stamp.png"  width="32" height="32"/>
                <addaction name="Flood Fill" instancename="Flood Fill" text="Flood Fill" style="textundericon" tooltip="Fill a crevice in the terrain" type="plugin"  icon=":/RibbonBar/images/RibbonIcons/Terrain/floodFill.png"  width="32" height="32"/>
            </Group>
        </TabPage>
      <!--
      RIBBON BAR TEST TAB
      -->
        <TabPage name="Test">
            <Group name="Debugger" fflag="LuaDebugger">
              <!--<addaction name="toggleAllBreakpointsStateAction" style="textundericon" icon=":/RibbonBar/images/RibbonIcons/Test/Toggle-Breakpoints.png" tooltip="Enabled/Disable all breakpoints" width="32" height="32"/> -->
              <addaction name="stepIntoAction"  style="textundericon" icon=":/RibbonBar/images/RibbonIcons/Test/Step-In.png" tooltip="Step into the current function" width="32" height="32"/>
              <addaction name="stepOverAction"  style="textundericon" icon=":/RibbonBar/images/RibbonIcons/Test/Step-Over.png" tooltip="Step over the current function" width="32" height="32"/>
              <addaction name="stepOutAction"  style="textundericon" icon=":/RibbonBar/images/RibbonIcons/Test/Step-Out.png" tooltip="Step out of the current function" width="32" height="32"/>
              <addaction name="addWatchAction" style="textundericon" icon=":/RibbonBar/images/RibbonIcons/Test/Add-Watch.png" tooltip="Watch selected variable's value" width="32" height="32"/>
            </Group>
            <Group name="Simulation">
              <addaction text="Play Solo" name="simulationPlayAction" style="textundericon"  value="simulationPlayAction" icon=":/RibbonBar/images/RibbonIcons/Test/Play-Solo.png" width="32" height="32"/>
              <addaction text="Run" name="simulationRunAction" style="textundericon" value="simulationRunAction" icon=":/RibbonBar/images/RibbonIcons/Test/Run.png" width="32" height="32"/>
              <addaction name="simulationStopAction" style="textundericon" text="Stop" icon=":/RibbonBar/images/RibbonIcons/Test/Pause.png" width="32" height="32" />
              <addaction name="simulationResetAction" style="textundericon" text="Reset" icon=":/RibbonBar/images/RibbonIcons/Test/Reset.png" width="32" height="32"/>
              <addaction name="executeScriptAction" style="textundericon" text="Run Script" icon=":/RibbonBar/images/RibbonIcons/Test/Run-Script.png" tooltip="Execute Lua code from a file" width="32" height="32" />
            </Group>
            <Group name="Clients and Servers">
              <addaction fflag="StudioMobileCompanionEnabled"name="pairRbxDevDeviceAction" iscommonslot="true" style="textundericon" text="Pair Test Device"  tooltip="Pair a device to studio for testing" icon=":/RibbonBar/images/RibbonIcons/Test/Pair-Device.png" width="32" height="32" />
              <addaction name="startServerAndPlayersAction" iscommonslot="true" style="textundericon" text="Start"  tooltip="Start server and players" icon=":/RibbonBar/images/RibbonIcons/Test/Start-Server.png" width="32" height="32" />
              <addseparator visible="false"/>
              <addcheckbox name="startServerCB" text="Server" checked="true"/>              
              <addcombobox name="playersMode">
                <comboboxitem text="0 Player" value="0"/>
                <comboboxitem text="1 Player" value="1" defaultvalue="true"/>
                <comboboxitem text="2 Players" value="2"/>
                <comboboxitem text="3 Players" value="3"/>
                <comboboxitem text="4 Players" value="4"/>
                <comboboxitem text="5 Players" value="5"/>
                <comboboxitem text="6 Players" value="6"/>
                <comboboxitem text="7 Players" value="7"/>
                <comboboxitem text="8 Players" value="8"/>
              </addcombobox>
              <addseparator fflag="StudioChildProcessCleanEnabled" visible="false"/>
              <addaction fflag="StudioChildProcessCleanEnabled" name="cleanupServersAndPlayersAction" style="textundericon" text="Cleanup" icon=":/RibbonBar/images/Studio 2.0 icons/32x32/delete_x_32.png"  width="32" height="32"/>
            </Group>
        </TabPage>
      <!--
      RIBBON BAR VIEW TAB
      -->
        <TabPage name="View">
            <Group name="Show">
              <addaction name="actionStartPage" style="textundericon" icon=":/RibbonBar/images/RibbonIcons/View/Start-Page.png"  tooltip="Login, view places you own, browse your roblox catalog" height="32" width="32"/>
              <addaction name="viewObjectExplorerAction" style="textundericon" icon=":/RibbonBar/images/RibbonIcons/View/Explorer.png" tooltip="View a list of objects in the workspace" height="32" width="32"/>
              <addaction name="viewPropertiesAction" style="textundericon" icon=":/RibbonBar/images/RibbonIcons/View/Properties.png" tooltip="View properties of objects" height="32" width="32"/>
              <addaction name="viewOutputWindowAction" style="textundericon" icon=":/RibbonBar/images/RibbonIcons/View/Output.png" tooltip="See the output feed of your scripts" text="Output" height="32" width="32"/>
              <addaction name="viewContextualHelpAction" style="textundericon" icon=":/RibbonBar/images/RibbonIcons/View/Help-Wiki.png" height="32" width="32"/>
              <addaction name="viewDiagnosticsAction" style="textundericon" icon=":/RibbonBar/images/RibbonIcons/View/Diagnostics.png"  tooltip="View diagnostic information of your game" height="32" width="32"/>
              <addaction name="viewTaskSchedulerAction" style="textundericon" icon=":/RibbonBar/images/RibbonIcons/View/Task-Scheduler.png" tooltip="View task execution information" height="32" width="32"/>
              <addaction name="viewScriptPerformanceAction" style="textundericon" icon=":/RibbonBar/images/RibbonIcons/View/Script-Performance.png" tooltip="View script performance information" height="32" width="32"/>
              <addaction name="objectBrowserAction" style="textundericon" icon=":/RibbonBar/images/RibbonIcons/View/Object-Browser.png"  tooltip="View Lua API objects that can be accessed through scripting" height="32" width="32"/>
              <addaction name="viewFindResultsWindowAction" style="textundericon" icon=":/RibbonBar/images/RibbonIcons/View/Find-Results.png" tooltip="Find results window" height="32" width="32"/>
              <addaction fflag="GameExplorerEnabled" name="gameExplorerAction" style="textundericon" icon=":/RibbonBar/images/RibbonIcons/View/Explorer.png" tooltip="View Game Explorer" height="32" width="32"/>
              <addaction fflag="StudioShowTutorialsByDefault" name="viewTutorialsAction" style="textundericon" icon=":/RibbonBar/images/RibbonIcons/View/Tutorials.png" tooltip="View Tutorials" height="32" width="32"/>
              <addaction fflag="LuaDebugger" name="breakpointsDockWidgetAction" style="textundericon" icon=":/RibbonBar/images/RibbonIcons/View/Breakpoint.png" tooltip="View existing breakpoints" height="32" width="32"/>
              <addaction fflag="LuaDebugger" name="callStackDockWidgetAction" style="textundericon" icon=":/RibbonBar/images/RibbonIcons/View/Call-Stack.png" tooltip="View current call stack" height="32" width="32"/>
              <addaction fflag="LuaDebugger" name="watchDockWidgetAction" style="textundericon" icon=":/RibbonBar/images/RibbonIcons/Test/Watch-Window.png" tooltip="View currently watched variables" height="32" width="32"/>
            </Group>
            <Group name="Actions">
              <addaction name="toggleAxisWidgetAction" style="textundericon" text="Display Axis" icon=":/RibbonBar/images/RibbonIcons/View/Display-Axis.png" tooltip="Show world-space aligned coordinate axis" height="32" width="32" />
                <addaction name="actionFullScreen" style="textundericon" text="Full Screen" icon=":/RibbonBar/images/RibbonIcons/View/Fullscreen.png" tooltip="Enabled Full Screen mode" height="32" width="32" />
                <addaction name="screenShotAction" style="textundericon" text="Screen Shot" icon=":/RibbonBar/images/RibbonIcons/View/Screen-Capture.png" tooltip="Take a screenshot" height="32" width="32" />
                <addaction name="toggleVideoRecordAction" style="textundericon" iswindowsonly="true" icon=":/RibbonBar/images/RibbonIcons/View/Record-Video.png" tooltip="Record a video" height="32" width="32" />
            </Group>
            <Group name="Settings">
                <addaction type="radio" name="gridSizeToTwoAction" action="gridSizeToTwoAction"  tooltip="Resize grid to two studs" style="textbesideicon" text="2 Studs" />
                <addaction type="radio" name="gridSizeToFourAction" action="gridSizeToFourAction" tooltip="Resize grid to four studs" style="textbesideicon" text="4 Studs" />
                <addaction type="radio" name="gridSizeToSixteenAction" action="gridSizeToSixteenAction" tooltip="Resize grid to sixteen studs" style="textbesideicon" text="16 Studs" />
                <addseparator visible="false"/>
                <addaction name="toggle3DGridAction" style="textundericon" text="Show Grid" icon=":/RibbonBar/images/RibbonIcons/View/Show-Grid.png" tooltip="Display a 3D grid on the y=0 plane" height="32" width="32"/>
                <MenuButton name="switchWindowsMenu" text="Switch Windows" icon=":/RibbonBar/images/RibbonIcons/View/Switch-Windows.png" tooltip="Switch to a different Studio window" ischeckable="false" width="32" height="32"/>
            </Group>
            <Group name="Stats">
                <addaction name="testStatsAction" action="testStatsAction" text="Stats" style="textbesideicon" />
                <addaction name="testRenderStatsAction" action="testRenderStatsAction" text="Render" style="textbesideicon" />
                <addaction name="testPhysicsStatsAction" action="testPhysicsStatsAction" text="Physics" style="textbesideicon" />
                <addaction name="testNetworkStatsAction" action="testNetworkStatsAction" text="Network" style="textbesideicon"/>
                <addaction name="testSummaryStatsAction" action="testSummaryStatsAction" text="Summary" style="textbesideicon"/>
                <addaction name="testCustomStatsAction" action="testCustomStatsAction" text="Custom" style="textbesideicon"/>
                <addaction name="testClearStatsAction" action="testClearStatsAction" text="Clear" style="textundericon" icon=":/RibbonBar/images/RibbonIcons/Home/Delete.png" height="32" width="32" />
            </Group>
        </TabPage>
      <!--
      RIBBON BAR ADD-ONS TAB
      -->
        <TabPage name="Plugins">
          <Group name="Tools">
            <addaction name="managePluginsAction" text="Manage Plugins" style="textundericon" height="32" width="32" tooltip="Manage plugins installed from roblox.com" icon=":/RibbonBar/images/RibbonIcons/AddOns/Manage-Plugins.png"/>
            <addaction name="openPluginsFolderAction" text="Plugins Folder" style="textundericon" height="32" width="32" tooltip="Open the local plugins folder" icon=":/RibbonBar/images/RibbonIcons/AddOns/Plugins-folder.png"/>
          </Group>
        </TabPage>
        <TabPage name="scriptMenu" text="Script Menu" contextcolor="4" contexttitle="Script tools" visible="false">
          <Group name="Clipboard">
            <addaction name="pasteAction" style="textundericon" tooltip="Paste item in clipboard" icon=":/RibbonBar/images/RibbonIcons/Home/Paste.png" width="32" height="32" />
            <addaction name="cutAction" style="textbesideicon" tooltip="Cut selected text" icon=":/RibbonBar/images/RibbonIcons/Home/Cut-16x16.png" />
            <addaction name="copyAction" style="textbesideicon" tooltip="Copy selected text" icon=":/RibbonBar/images/RibbonIcons/Home/Copy-16x16.png" />
          </Group>
          <Group name="Edit">
            <MenuButton name="actionFindMenu" style ="textundericon" text="Find"  icon=":/RibbonBar/images/RibbonIcons/Home/Find.png" tooltip="Find text..." width="32" height="32" >
              <addaction name="findAction" icon=":/16x16/images/Studio 2.0 icons/16x16/find.png" />
              <addaction name="findNextAction" icon=":/16x16/images/Studio 2.0 icons/16x16/find_next.png" />
              <addaction name="findPreviousAction" icon=":/16x16/images/Studio 2.0 icons/16x16/find_previous.png" />
              <addaction name="findInScriptsAction" icon =":/16x16/images/Studio 2.0 icons/16x16/find.png" />
            </MenuButton>
            <addaction name="replaceAction" text="Replace" style="textundericon" tooltip="Find text and replace with..." icon=":/RibbonBar/images/RibbonIcons/Home/Replace.png" width="32" height="32" />
            <MenuButton name="actionSelectMenu" text="Select" tooltip="Select text..." style="textundericon" icon=":/RibbonBar/images/RibbonIcons/Home/Select.png" width="32" height="32" >
              <addaction name="selectAllAction" icon=":/RibbonBar/images/RibbonIcons/Home/Select.png" width="16" height="16" />
              <addaction name="selectChildrenAction" icon=":/16x16/images/Studio 2.0 icons/16x16/select_children.png" />
            </MenuButton>
            <!--<addaction name="deleteSelectedAction" text="Delete" style="textundericon" icon=":/RibbonBar/images/RibbonIcons/Home/Delete.png" width="32" height="32" />-->
          </Group>
          <Group name="Debugger" fflag="LuaDebugger">
            <!--<addaction name="toggleAllBreakpointsStateAction" style="textundericon" icon=":/RibbonBar/images/RibbonIcons/Test/Toggle-Breakpoints.png" tooltip="Enabled/Disable all breakpoints" width="32" height="32"/>-->
            <addaction name="stepIntoAction"  style="textundericon" icon=":/RibbonBar/images/RibbonIcons/Test/Step-In.png" width="32" height="32"/>
            <addaction name="stepOverAction"  style="textundericon" icon=":/RibbonBar/images/RibbonIcons/Test/Step-Over.png" width="32" height="32"/>
            <addaction name="stepOutAction"  style="textundericon" icon=":/RibbonBar/images/RibbonIcons/Test/Step-Out.png" width="32" height="32"/>
            <addaction name="addWatchAction" style="textundericon" icon=":/RibbonBar/images/RibbonIcons/Test/Add-Watch.png" tooltip="Watch the highlighted variable's value" width="32" height="32" tooltip=""/>
          </Group>
          <Group fflag="LuaDebuggerBreakOnError" name="Debug Errors">
            <addaction type="radio" name="neverBreakOnScriptErrorsAction" style="textbesideicon" text="Never" tooltip="Never break errors into debugger"/>
            <addaction type="radio" name="breakOnAllScriptErrorsAction" style="textbesideicon" text="On All Exceptions" tooltip="Break all exceptions into debugger"/>
            <addaction type="radio" name="breakOnUnhandledScriptErrorsAction" style="textbesideicon" text="On Unhandled Exceptions" tooltip="Break unhandled exceptions into debugger"/>
          </Group>
          <Group name="World">
            <addaction text="Play Solo" name="simulationPlayAction" style="textundericon"  value="simulationPlayAction" icon=":/RibbonBar/images/RibbonIcons/Test/Play-Solo.png" width="32" height="32"/>
            <addaction text="Run" name="simulationRunAction" style="textundericon" value="simulationRunAction" icon=":/RibbonBar/images/RibbonIcons/Test/Run.png" width="32" height="32"/>
            <addaction name="simulationStopAction" style="textundericon" text="Pause" icon=":/RibbonBar/images/RibbonIcons/Test/Pause.png" width="32" height="32" />
            <addaction name="simulationResetAction" style="textundericon" text="Reset" icon=":/RibbonBar/images/RibbonIcons/Test/Reset.png" width="32" height="32"/>
          </Group>
          <Group name="Script Actions">
            <addaction name="goToScriptErrorAction" tooltip="Focus view on script error" style="textbesideicon"/>
            <addaction name="reloadScriptAction" tooltip="Reload the script after modifying it, while playing" style="textbesideicon"/>
            <addseparator />
            <addaction name="commentSelectionAction" tooltip="Comment out the selected text" style="textbesideicon"/>
            <addaction name="uncommentSelectionAction" tooltip="Uncomment out the selected text" style="textbesideicon"/>
            <addaction name="toggleCommentAction" tooltip="Toggle the commented status of the selected text" style="textbesideicon"/>
            <addseparator />
            <addaction name="expandAllFoldsAction" tooltip="Expand all collapsed folds in the script" style="textbesideicon"/>
            <addaction name="collapseAllFoldsAction" tooltip="Collapse all collapsable sections of scripts" style="textbesideicon"/>
          </Group>
        </TabPage>
    </RibbonBar>
</MainWindow>
